[
  {
    "jogador_id": 1185023650781483019,
    "jogador_name": "cheerful_puppy_16638",
    "time": "Barcelona",
    "action": "contratado",
    "trainer_id": 1420813770418163722,
    "timestamp": "2025-10-11T14:08:14.303627"
  },
  {
    "jogador_id": 1178814110742356091,
    "jogador_name": "salvador25_",
    "time": "Barcelona",
    "action": "contratado",
    "trainer_id": 1420813770418163722,
    "timestamp": "2025-10-11T14:08:56.622058"
  },
  {
    "jogador_id": 1275442190247661626,
    "jogador_name": "mystico_xd",
    "time": "Barcelona",
    "action": "contratado",
    "trainer_id": 1420813770418163722,
    "timestamp": "2025-10-11T14:33:12.781807"
  },
  {
    "jogador_id": 820350227986513960,
    "jogador_name": "noel_tuff",
    "time": "Barcelona",
    "action": "contratado",
    "trainer_id": 1420813770418163722,
    "timestamp": "2025-10-11T21:31:02.157840"
  }
]